{"MSE": 2.4526479355138173, "_timestamp": 1685807968.457673, "_runtime": 2.3092730045318604, "_step": 0, "_wandb": {"runtime": 2}}