{"mean_squared_error": 2.453983836538874, "_timestamp": 1685807371.5060368, "_runtime": 6.906933784484863, "_step": 0, "_wandb": {"runtime": 6}}