{"MSE": 2.4550347467482956, "_timestamp": 1685808000.3621655, "_runtime": 2.1626033782958984, "_step": 0, "_wandb": {"runtime": 1}}