{"MSE": 2.4636696020587237, "_timestamp": 1685808010.2845395, "_runtime": 2.110849380493164, "_step": 0, "_wandb": {"runtime": 1}}