{"MSE": 2.4610754621935143, "_timestamp": 1685807980.499641, "_runtime": 3.359138011932373, "_step": 0, "_wandb": {"runtime": 3}}