{"MSE": 2.4525455556151035, "_timestamp": 1685807989.1991327, "_runtime": 1.9821457862854004, "_step": 0, "_wandb": {"runtime": 1}}